timestamp,data_type,district,latitude,longitude,temperature,feels_like,temp_min,temp_max,pressure,humidity,sea_level,ground_level,visibility,uv_index,clouds,wind_speed,wind_deg,wind_gust,weather_main,weather_description,weather_icon,sunrise,sunset,timezone,city_name,country,rain_1h,rain_3h,snow_1h,snow_3h,weather_risk_score,risk_factors,forecast_time,precipitation_probability,forecast_risk_score
2025-05-26T15:19:59.150101,current_weather,Downtown,45.5017,-73.5673,21.92,21.16,21.01,23.39,1022,38,1022.0,1018.0,10000.0,0.0,0,4.12,200,0.0,Clear,clear sky,01d,2025-05-26T05:13:00,2025-05-26T20:30:03,-14400.0,Montreal,CA,0.0,0.0,0.0,0,0.0,[],,,
2025-05-26T15:19:59.189775,weather_forecast,Downtown,45.5017,-73.5673,22.55,22.01,20.57,22.55,1022,44,,,,,44,4.76,261,,Rain,light rain,,,,,,,,0.22,,0,,,2025-05-26T17:00:00,39.0,2.5
2025-05-26T15:19:59.189775,weather_forecast,Downtown,45.5017,-73.5673,18.73,18.3,16.33,18.73,1023,63,,,,,47,1.6,200,,Rain,light rain,,,,,,,,0.53,,0,,,2025-05-26T20:00:00,70.0,2.5
2025-05-26T15:19:59.189775,weather_forecast,Downtown,45.5017,-73.5673,13.61,13.3,13.61,13.61,1024,87,,,,,19,2.64,256,,Rain,light rain,,,,,,,,0.11,,0,,,2025-05-26T23:00:00,20.0,2.5
2025-05-26T15:19:59.189775,weather_forecast,Downtown,45.5017,-73.5673,11.54,11.07,11.54,11.54,1024,89,,,,,34,2.21,242,,Clouds,scattered clouds,,,,,,,,0.0,,0,,,2025-05-27T02:00:00,0.0,0.5
2025-05-26T15:19:59.189775,weather_forecast,Downtown,45.5017,-73.5673,10.07,9.61,10.07,10.07,1025,95,,,,,33,2.83,220,,Clouds,scattered clouds,,,,,,,,0.0,,0,,,2025-05-27T05:00:00,0.0,1.5
2025-05-26T15:19:59.189775,weather_forecast,Downtown,45.5017,-73.5673,13.41,12.84,13.41,13.41,1026,78,,,,,20,2.14,242,,Clouds,few clouds,,,,,,,,0.0,,0,,,2025-05-27T08:00:00,0.0,0.5
2025-05-26T15:19:59.189775,weather_forecast,Downtown,45.5017,-73.5673,18.89,18.35,18.89,18.89,1026,58,,,,,6,2.7,239,,Clear,clear sky,,,,,,,,0.0,,0,,,2025-05-27T11:00:00,0.0,0.0
2025-05-26T15:19:59.189775,weather_forecast,Downtown,45.5017,-73.5673,22.38,21.87,22.38,22.38,1025,46,,,,,6,2.69,233,,Clear,clear sky,,,,,,,,0.0,,0,,,2025-05-27T14:00:00,0.0,0.0
2025-05-26T15:19:59.189775,weather_forecast,Downtown,45.5017,-73.5673,22.86,22.25,22.86,22.86,1024,40,,,,,4,2.85,227,,Clear,clear sky,,,,,,,,0.0,,0,,,2025-05-27T17:00:00,0.0,0.0
2025-05-26T15:19:59.189775,weather_forecast,Downtown,45.5017,-73.5673,18.86,18.39,18.86,18.86,1024,61,,,,,4,1.83,233,,Clear,clear sky,,,,,,,,0.0,,0,,,2025-05-27T20:00:00,0.0,0.0
2025-05-26T15:19:59.189775,weather_forecast,Downtown,45.5017,-73.5673,16.07,15.51,16.07,16.07,1024,68,,,,,47,1.42,241,,Clouds,scattered clouds,,,,,,,,0.0,,0,,,2025-05-27T23:00:00,0.0,0.5
2025-05-26T15:19:59.189775,weather_forecast,Downtown,45.5017,-73.5673,14.08,13.48,14.08,14.08,1024,74,,,,,34,1.96,217,,Clouds,scattered clouds,,,,,,,,0.0,,0,,,2025-05-28T02:00:00,0.0,0.5
2025-05-26T15:19:59.189775,weather_forecast,Downtown,45.5017,-73.5673,12.45,11.79,12.45,12.45,1025,78,,,,,20,1.44,215,,Clouds,few clouds,,,,,,,,0.0,,0,,,2025-05-28T05:00:00,0.0,0.5
2025-05-26T15:19:59.189775,weather_forecast,Downtown,45.5017,-73.5673,15.73,15.11,15.73,15.73,1025,67,,,,,33,1.48,187,,Clouds,scattered clouds,,,,,,,,0.0,,0,,,2025-05-28T08:00:00,0.0,0.5
2025-05-26T15:19:59.189775,weather_forecast,Downtown,45.5017,-73.5673,21.28,20.82,21.28,21.28,1025,52,,,,,97,1.51,175,,Clouds,overcast clouds,,,,,,,,0.0,,0,,,2025-05-28T11:00:00,0.0,0.5
2025-05-26T15:19:59.189775,weather_forecast,Downtown,45.5017,-73.5673,23.95,23.42,23.95,23.95,1023,39,,,,,99,2.1,173,,Clouds,overcast clouds,,,,,,,,0.0,,0,,,2025-05-28T14:00:00,0.0,0.5
2025-05-26T15:19:59.189775,weather_forecast,Downtown,45.5017,-73.5673,23.57,23.08,23.57,23.57,1021,42,,,,,100,2.73,181,,Clouds,overcast clouds,,,,,,,,0.0,,0,,,2025-05-28T17:00:00,0.0,0.5
2025-05-26T15:19:59.189775,weather_forecast,Downtown,45.5017,-73.5673,19.94,19.61,19.94,19.94,1021,62,,,,,100,2.24,180,,Clouds,overcast clouds,,,,,,,,0.0,,0,,,2025-05-28T20:00:00,0.0,0.5
2025-05-26T15:19:59.189775,weather_forecast,Downtown,45.5017,-73.5673,16.29,16.04,16.29,16.29,1020,79,,,,,34,1.84,208,,Clouds,scattered clouds,,,,,,,,0.0,,0,,,2025-05-28T23:00:00,0.0,0.5
2025-05-26T15:19:59.189775,weather_forecast,Downtown,45.5017,-73.5673,14.33,14.09,14.33,14.33,1019,87,,,,,21,2.69,228,,Clouds,few clouds,,,,,,,,0.0,,0,,,2025-05-29T02:00:00,0.0,0.5
2025-05-26T15:19:59.728940,current_weather,Plateau,45.52,-73.58,21.78,21.03,20.93,23.32,1022,39,1022.0,1018.0,10000.0,0.0,0,4.12,200,0.0,Clear,clear sky,01d,2025-05-26T05:12:59,2025-05-26T20:30:09,-14400.0,Montreal,CA,0.0,0.0,0.0,0,0.0,[],,,
2025-05-26T15:19:59.806701,weather_forecast,Plateau,45.52,-73.58,21.36,20.67,20.53,21.36,1022,43,,,,,7,4.66,263,,Rain,light rain,,,,,,,,0.22,,0,,,2025-05-26T17:00:00,37.0,2.5
2025-05-26T15:19:59.806701,weather_forecast,Plateau,45.52,-73.58,18.13,17.64,16.3,18.13,1023,63,,,,,29,1.75,202,,Rain,light rain,,,,,,,,0.48,,0,,,2025-05-26T20:00:00,65.0,2.5
2025-05-26T15:19:59.806701,weather_forecast,Plateau,45.52,-73.58,13.59,13.3,13.59,13.59,1024,88,,,,,19,2.77,252,,Rain,light rain,,,,,,,,0.13,,0,,,2025-05-26T23:00:00,20.0,2.5
2025-05-26T15:19:59.806701,weather_forecast,Plateau,45.52,-73.58,11.61,11.15,11.61,11.61,1024,89,,,,,33,2.23,241,,Clouds,scattered clouds,,,,,,,,0.0,,0,,,2025-05-27T02:00:00,0.0,0.5
2025-05-26T15:19:59.806701,weather_forecast,Plateau,45.52,-73.58,10.13,9.68,10.13,10.13,1025,95,,,,,37,2.89,221,,Clouds,scattered clouds,,,,,,,,0.0,,0,,,2025-05-27T05:00:00,0.0,1.5
2025-05-26T15:19:59.806701,weather_forecast,Plateau,45.52,-73.58,13.48,12.92,13.48,13.48,1026,78,,,,,22,2.06,241,,Clouds,few clouds,,,,,,,,0.0,,0,,,2025-05-27T08:00:00,0.0,0.5
2025-05-26T15:19:59.806701,weather_forecast,Plateau,45.52,-73.58,18.96,18.43,18.96,18.96,1026,58,,,,,6,2.62,237,,Clear,clear sky,,,,,,,,0.0,,0,,,2025-05-27T11:00:00,0.0,0.0
2025-05-26T15:19:59.806701,weather_forecast,Plateau,45.52,-73.58,22.46,21.94,22.46,22.46,1025,45,,,,,6,2.68,230,,Clear,clear sky,,,,,,,,0.0,,0,,,2025-05-27T14:00:00,0.0,0.0
2025-05-26T15:19:59.806701,weather_forecast,Plateau,45.52,-73.58,22.91,22.3,22.91,22.91,1024,40,,,,,4,2.87,227,,Clear,clear sky,,,,,,,,0.0,,0,,,2025-05-27T17:00:00,0.0,0.0
2025-05-26T15:19:59.806701,weather_forecast,Plateau,45.52,-73.58,18.88,18.42,18.88,18.88,1024,61,,,,,5,1.92,233,,Clear,clear sky,,,,,,,,0.0,,0,,,2025-05-27T20:00:00,0.0,0.0
2025-05-26T15:19:59.806701,weather_forecast,Plateau,45.52,-73.58,16.08,15.52,16.08,16.08,1024,68,,,,,47,1.46,247,,Clouds,scattered clouds,,,,,,,,0.0,,0,,,2025-05-27T23:00:00,0.0,0.5
2025-05-26T15:19:59.806701,weather_forecast,Plateau,45.52,-73.58,14.09,13.51,14.09,14.09,1024,75,,,,,33,2.01,221,,Clouds,scattered clouds,,,,,,,,0.0,,0,,,2025-05-28T02:00:00,0.0,0.5
2025-05-26T15:19:59.806701,weather_forecast,Plateau,45.52,-73.58,12.47,11.84,12.47,12.47,1025,79,,,,,15,1.49,218,,Clouds,few clouds,,,,,,,,0.0,,0,,,2025-05-28T05:00:00,0.0,0.5
2025-05-26T15:19:59.806701,weather_forecast,Plateau,45.52,-73.58,15.76,15.14,15.76,15.76,1025,67,,,,,28,1.47,192,,Clouds,scattered clouds,,,,,,,,0.0,,0,,,2025-05-28T08:00:00,0.0,0.5
2025-05-26T15:19:59.806701,weather_forecast,Plateau,45.52,-73.58,21.27,20.81,21.27,21.27,1025,52,,,,,98,1.46,178,,Clouds,overcast clouds,,,,,,,,0.0,,0,,,2025-05-28T11:00:00,0.0,0.5
2025-05-26T15:19:59.806701,weather_forecast,Plateau,45.52,-73.58,24.01,23.46,24.01,24.01,1023,38,,,,,98,2.01,175,,Clouds,overcast clouds,,,,,,,,0.0,,0,,,2025-05-28T14:00:00,0.0,0.5
2025-05-26T15:19:59.806701,weather_forecast,Plateau,45.52,-73.58,23.69,23.21,23.69,23.69,1021,42,,,,,99,2.64,179,,Clouds,overcast clouds,,,,,,,,0.0,,0,,,2025-05-28T17:00:00,0.0,0.5
2025-05-26T15:19:59.806701,weather_forecast,Plateau,45.52,-73.58,19.96,19.63,19.96,19.96,1020,62,,,,,98,2.16,183,,Clouds,overcast clouds,,,,,,,,0.0,,0,,,2025-05-28T20:00:00,0.0,0.5
2025-05-26T15:19:59.806701,weather_forecast,Plateau,45.52,-73.58,16.53,16.28,16.53,16.53,1020,78,,,,,40,1.83,207,,Clouds,scattered clouds,,,,,,,,0.0,,0,,,2025-05-28T23:00:00,0.0,0.5
2025-05-26T15:19:59.806701,weather_forecast,Plateau,45.52,-73.58,14.37,14.13,14.37,14.37,1019,87,,,,,24,2.72,229,,Clouds,few clouds,,,,,,,,0.0,,0,,,2025-05-29T02:00:00,0.0,0.5
2025-05-26T15:20:00.339769,current_weather,Westmount,45.4833,-73.6,21.82,21.05,20.88,23.27,1022,38,1022.0,1018.0,10000.0,0.0,40,4.12,200,0.0,Clouds,scattered clouds,03d,2025-05-26T05:13:12,2025-05-26T20:30:06,-14400.0,Montreal,CA,0.0,0.0,0.0,0,0.5,[],,,
2025-05-26T15:20:00.402204,weather_forecast,Westmount,45.4833,-73.6,21.14,20.41,19.78,21.14,1022,42,,,,,35,4.97,264,,Rain,light rain,,,,,,,,0.29,,0,,,2025-05-26T17:00:00,50.0,2.5
2025-05-26T15:20:00.402204,weather_forecast,Westmount,45.4833,-73.6,17.55,16.98,15.42,17.55,1023,62,,,,,44,1.38,195,,Rain,light rain,,,,,,,,0.46,,0,,,2025-05-26T20:00:00,76.0,2.5
2025-05-26T15:20:00.402204,weather_forecast,Westmount,45.4833,-73.6,12.77,12.37,12.77,12.77,1024,87,,,,,22,2.59,261,,Rain,light rain,,,,,,,,0.13,,0,,,2025-05-26T23:00:00,20.0,2.5
2025-05-26T15:20:00.402204,weather_forecast,Westmount,45.4833,-73.6,10.68,10.13,10.68,10.68,1024,89,,,,,36,2.37,246,,Clouds,scattered clouds,,,,,,,,0.0,,0,,,2025-05-27T02:00:00,0.0,0.5
2025-05-26T15:20:00.402204,weather_forecast,Westmount,45.4833,-73.6,9.22,7.74,9.22,9.22,1025,95,,,,,33,2.73,222,,Clouds,scattered clouds,,,,,,,,0.0,,0,,,2025-05-27T05:00:00,0.0,1.5
2025-05-26T15:20:00.402204,weather_forecast,Westmount,45.4833,-73.6,12.57,11.92,12.57,12.57,1026,78,,,,,21,2.2,245,,Clouds,few clouds,,,,,,,,0.0,,0,,,2025-05-27T08:00:00,0.0,0.5
2025-05-26T15:20:00.402204,weather_forecast,Westmount,45.4833,-73.6,18.0,17.4,18.0,18.0,1026,59,,,,,6,2.8,241,,Clear,clear sky,,,,,,,,0.0,,0,,,2025-05-27T11:00:00,0.0,0.0
2025-05-26T15:20:00.402204,weather_forecast,Westmount,45.4833,-73.6,21.44,20.84,21.44,21.44,1025,46,,,,,6,2.71,237,,Clear,clear sky,,,,,,,,0.0,,0,,,2025-05-27T14:00:00,0.0,0.0
2025-05-26T15:20:00.402204,weather_forecast,Westmount,45.4833,-73.6,21.95,21.25,21.95,21.95,1024,40,,,,,4,2.83,227,,Clear,clear sky,,,,,,,,0.0,,0,,,2025-05-27T17:00:00,0.0,0.0
2025-05-26T15:20:00.402204,weather_forecast,Westmount,45.4833,-73.6,18.08,17.54,18.08,18.08,1024,61,,,,,2,1.74,235,,Clear,clear sky,,,,,,,,0.0,,0,,,2025-05-27T20:00:00,0.0,0.0
2025-05-26T15:20:00.402204,weather_forecast,Westmount,45.4833,-73.6,15.24,14.57,15.24,15.24,1024,67,,,,,46,1.43,239,,Clouds,scattered clouds,,,,,,,,0.0,,0,,,2025-05-27T23:00:00,0.0,0.5
2025-05-26T15:20:00.402204,weather_forecast,Westmount,45.4833,-73.6,13.26,12.57,13.26,13.26,1024,74,,,,,37,1.9,218,,Clouds,scattered clouds,,,,,,,,0.0,,0,,,2025-05-28T02:00:00,0.0,0.5
2025-05-26T15:20:00.402204,weather_forecast,Westmount,45.4833,-73.6,11.66,10.92,11.66,11.66,1025,78,,,,,30,1.33,214,,Clouds,scattered clouds,,,,,,,,0.0,,0,,,2025-05-28T05:00:00,0.0,0.5
2025-05-26T15:20:00.402204,weather_forecast,Westmount,45.4833,-73.6,14.85,14.14,14.85,14.85,1025,67,,,,,42,1.47,182,,Clouds,scattered clouds,,,,,,,,0.0,,0,,,2025-05-28T08:00:00,0.0,0.5
2025-05-26T15:20:00.402204,weather_forecast,Westmount,45.4833,-73.6,20.33,19.78,20.33,20.33,1025,52,,,,,98,1.56,172,,Clouds,overcast clouds,,,,,,,,0.0,,0,,,2025-05-28T11:00:00,0.0,0.5
2025-05-26T15:20:00.402204,weather_forecast,Westmount,45.4833,-73.6,22.92,22.31,22.92,22.92,1023,40,,,,,99,2.1,171,,Clouds,overcast clouds,,,,,,,,0.0,,0,,,2025-05-28T14:00:00,0.0,0.5
2025-05-26T15:20:00.402204,weather_forecast,Westmount,45.4833,-73.6,22.53,21.99,22.53,22.53,1021,44,,,,,100,2.82,182,,Clouds,overcast clouds,,,,,,,,0.0,,0,,,2025-05-28T17:00:00,0.0,0.5
2025-05-26T15:20:00.402204,weather_forecast,Westmount,45.4833,-73.6,19.06,18.64,19.06,19.06,1021,62,,,,,100,2.32,177,,Clouds,overcast clouds,,,,,,,,0.0,,0,,,2025-05-28T20:00:00,0.0,0.5
2025-05-26T15:20:00.402204,weather_forecast,Westmount,45.4833,-73.6,15.29,14.96,15.29,15.29,1020,80,,,,,29,1.86,215,,Clouds,scattered clouds,,,,,,,,0.0,,0,,,2025-05-28T23:00:00,0.0,0.5
2025-05-26T15:20:00.402204,weather_forecast,Westmount,45.4833,-73.6,13.43,13.1,13.43,13.43,1019,87,,,,,19,2.66,229,,Clouds,few clouds,,,,,,,,0.0,,0,,,2025-05-29T02:00:00,0.0,0.5
2025-05-26T15:20:00.945053,current_weather,NDG,45.47,-73.61,21.87,21.13,20.91,23.3,1022,39,1022.0,1018.0,10000.0,0.0,40,4.12,200,0.0,Clouds,scattered clouds,03d,2025-05-26T05:13:17,2025-05-26T20:30:05,-14400.0,Montreal,CA,0.0,0.0,0.0,0,0.5,[],,,
2025-05-26T15:20:01.018695,weather_forecast,NDG,45.47,-73.61,21.44,20.76,20.57,21.44,1022,43,,,,,34,4.98,263,,Rain,light rain,,,,,,,,0.28,,0,,,2025-05-26T17:00:00,49.0,2.5
2025-05-26T15:20:01.018695,weather_forecast,NDG,45.47,-73.61,18.06,17.54,16.15,18.06,1023,62,,,,,43,1.25,192,,Rain,light rain,,,,,,,,0.5,,0,,,2025-05-26T20:00:00,80.0,2.5
2025-05-26T15:20:01.018695,weather_forecast,NDG,45.47,-73.61,13.42,13.09,13.42,13.42,1024,87,,,,,24,2.57,265,,Rain,light rain,,,,,,,,0.13,,0,,,2025-05-26T23:00:00,20.0,2.5
2025-05-26T15:20:01.018695,weather_forecast,NDG,45.47,-73.61,11.32,10.83,11.32,11.32,1024,89,,,,,36,2.48,247,,Clouds,scattered clouds,,,,,,,,0.0,,0,,,2025-05-27T02:00:00,0.0,0.5
2025-05-26T15:20:01.018695,weather_forecast,NDG,45.47,-73.61,9.87,8.52,9.87,9.87,1025,95,,,,,30,2.73,222,,Clouds,scattered clouds,,,,,,,,0.0,,0,,,2025-05-27T05:00:00,0.0,1.5
2025-05-26T15:20:01.018695,weather_forecast,NDG,45.47,-73.61,13.25,12.67,13.25,13.25,1027,78,,,,,20,2.37,246,,Clouds,few clouds,,,,,,,,0.0,,0,,,2025-05-27T08:00:00,0.0,0.5
2025-05-26T15:20:01.018695,weather_forecast,NDG,45.47,-73.61,18.66,18.12,18.66,18.66,1026,59,,,,,5,2.93,244,,Clear,clear sky,,,,,,,,0.0,,0,,,2025-05-27T11:00:00,0.0,0.0
2025-05-26T15:20:01.018695,weather_forecast,NDG,45.47,-73.61,22.09,21.58,22.09,22.09,1025,47,,,,,6,2.73,241,,Clear,clear sky,,,,,,,,0.0,,0,,,2025-05-27T14:00:00,0.0,0.0
2025-05-26T15:20:01.018695,weather_forecast,NDG,45.47,-73.61,22.65,22.02,22.65,22.65,1024,40,,,,,4,2.78,229,,Clear,clear sky,,,,,,,,0.0,,0,,,2025-05-27T17:00:00,0.0,0.0
2025-05-26T15:20:01.018695,weather_forecast,NDG,45.47,-73.61,18.75,18.27,18.75,18.75,1024,61,,,,,1,1.7,237,,Clear,clear sky,,,,,,,,0.0,,0,,,2025-05-27T20:00:00,0.0,0.0
2025-05-26T15:20:01.018695,weather_forecast,NDG,45.47,-73.61,15.86,15.28,15.86,15.86,1024,68,,,,,47,1.45,235,,Clouds,scattered clouds,,,,,,,,0.0,,0,,,2025-05-27T23:00:00,0.0,0.5
2025-05-26T15:20:01.018695,weather_forecast,NDG,45.47,-73.61,13.91,13.29,13.91,13.91,1024,74,,,,,39,1.88,215,,Clouds,scattered clouds,,,,,,,,0.0,,0,,,2025-05-28T02:00:00,0.0,0.5
2025-05-26T15:20:01.018695,weather_forecast,NDG,45.47,-73.61,12.32,11.67,12.32,12.32,1025,79,,,,,37,1.3,211,,Clouds,scattered clouds,,,,,,,,0.0,,0,,,2025-05-28T05:00:00,0.0,0.5
2025-05-26T15:20:01.018695,weather_forecast,NDG,45.47,-73.61,15.58,14.97,15.58,15.58,1025,68,,,,,49,1.5,178,,Clouds,scattered clouds,,,,,,,,0.0,,0,,,2025-05-28T08:00:00,0.0,0.5
2025-05-26T15:20:01.018695,weather_forecast,NDG,45.47,-73.61,21.05,20.59,21.05,21.05,1025,53,,,,,98,1.63,169,,Clouds,overcast clouds,,,,,,,,0.0,,0,,,2025-05-28T11:00:00,0.0,0.5
2025-05-26T15:20:01.018695,weather_forecast,NDG,45.47,-73.61,23.57,23.05,23.57,23.57,1023,41,,,,,99,2.13,167,,Clouds,overcast clouds,,,,,,,,0.0,,0,,,2025-05-28T14:00:00,0.0,0.5
2025-05-26T15:20:01.018695,weather_forecast,NDG,45.47,-73.61,23.12,22.66,23.12,23.12,1021,45,,,,,100,2.86,183,,Clouds,overcast clouds,,,,,,,,0.0,,0,,,2025-05-28T17:00:00,0.0,0.5
2025-05-26T15:20:01.018695,weather_forecast,NDG,45.47,-73.61,19.69,19.36,19.69,19.69,1021,63,,,,,100,2.41,174,,Clouds,overcast clouds,,,,,,,,0.0,,0,,,2025-05-28T20:00:00,0.0,0.5
2025-05-26T15:20:01.018695,weather_forecast,NDG,45.47,-73.61,15.77,15.54,15.77,15.77,1020,82,,,,,24,1.92,218,,Clouds,few clouds,,,,,,,,0.0,,0,,,2025-05-28T23:00:00,0.0,0.5
2025-05-26T15:20:01.018695,weather_forecast,NDG,45.47,-73.61,14.05,13.78,14.05,14.05,1020,87,,,,,16,2.69,229,,Clouds,few clouds,,,,,,,,0.0,,0,,,2025-05-29T02:00:00,0.0,0.5
2025-05-26T15:20:01.638251,current_weather,Verdun,45.4583,-73.5667,22.23,21.5,21.14,23.53,1022,38,1022.0,1018.0,10000.0,0.0,0,4.12,200,0.0,Clear,clear sky,01d,2025-05-26T05:13:09,2025-05-26T20:29:52,-14400.0,Montreal,CA,0.0,0.0,0.0,0,0.0,[],,,
2025-05-26T15:20:01.747640,weather_forecast,Verdun,45.4583,-73.5667,21.76,21.09,20.82,21.76,1022,42,,,,,7,4.84,259,,Rain,light rain,,,,,,,,0.2,,0,,,2025-05-26T17:00:00,39.0,2.5
2025-05-26T15:20:01.747640,weather_forecast,Verdun,45.4583,-73.5667,18.35,17.86,16.41,18.35,1023,62,,,,,28,1.32,194,,Rain,light rain,,,,,,,,0.61,,0,,,2025-05-26T20:00:00,80.0,2.5
2025-05-26T15:20:01.747640,weather_forecast,Verdun,45.4583,-73.5667,13.68,13.38,13.68,13.68,1024,87,,,,,21,2.55,264,,Rain,light rain,,,,,,,,0.11,,0,,,2025-05-26T23:00:00,20.0,2.5
2025-05-26T15:20:01.747640,weather_forecast,Verdun,45.4583,-73.5667,11.53,11.06,11.53,11.53,1024,89,,,,,34,2.35,245,,Clouds,scattered clouds,,,,,,,,0.0,,0,,,2025-05-27T02:00:00,0.0,0.5
2025-05-26T15:20:01.747640,weather_forecast,Verdun,45.4583,-73.5667,10.08,9.62,10.08,10.08,1025,95,,,,,28,2.79,220,,Clouds,scattered clouds,,,,,,,,0.0,,0,,,2025-05-27T05:00:00,0.0,1.5
2025-05-26T15:20:01.747640,weather_forecast,Verdun,45.4583,-73.5667,13.47,12.94,13.47,13.47,1027,79,,,,,18,2.4,244,,Clouds,few clouds,,,,,,,,0.0,,0,,,2025-05-27T08:00:00,0.0,0.5
2025-05-26T15:20:01.747640,weather_forecast,Verdun,45.4583,-73.5667,18.9,18.39,18.9,18.9,1026,59,,,,,5,2.93,244,,Clear,clear sky,,,,,,,,0.0,,0,,,2025-05-27T11:00:00,0.0,0.0
2025-05-26T15:20:01.747640,weather_forecast,Verdun,45.4583,-73.5667,22.38,21.9,22.38,22.38,1025,47,,,,,6,2.72,241,,Clear,clear sky,,,,,,,,0.0,,0,,,2025-05-27T14:00:00,0.0,0.0
2025-05-26T15:20:01.747640,weather_forecast,Verdun,45.4583,-73.5667,22.95,22.35,22.95,22.95,1024,40,,,,,3,2.77,229,,Clear,clear sky,,,,,,,,0.0,,0,,,2025-05-27T17:00:00,0.0,0.0
2025-05-26T15:20:01.747640,weather_forecast,Verdun,45.4583,-73.5667,18.93,18.47,18.93,18.93,1024,61,,,,,1,1.7,237,,Clear,clear sky,,,,,,,,0.0,,0,,,2025-05-27T20:00:00,0.0,0.0
2025-05-26T15:20:01.747640,weather_forecast,Verdun,45.4583,-73.5667,16.08,15.52,16.08,16.08,1024,68,,,,,48,1.44,233,,Clouds,scattered clouds,,,,,,,,0.0,,0,,,2025-05-27T23:00:00,0.0,0.5
2025-05-26T15:20:01.747640,weather_forecast,Verdun,45.4583,-73.5667,14.11,13.51,14.11,14.11,1024,74,,,,,38,1.92,211,,Clouds,scattered clouds,,,,,,,,0.0,,0,,,2025-05-28T02:00:00,0.0,0.5
2025-05-26T15:20:01.747640,weather_forecast,Verdun,45.4583,-73.5667,12.51,11.88,12.51,12.51,1025,79,,,,,33,1.34,210,,Clouds,scattered clouds,,,,,,,,0.0,,0,,,2025-05-28T05:00:00,0.0,0.5
2025-05-26T15:20:01.747640,weather_forecast,Verdun,45.4583,-73.5667,15.86,15.28,15.86,15.86,1025,68,,,,,46,1.53,178,,Clouds,scattered clouds,,,,,,,,0.0,,0,,,2025-05-28T08:00:00,0.0,0.5
2025-05-26T15:20:01.747640,weather_forecast,Verdun,45.4583,-73.5667,21.43,21.01,21.43,21.43,1025,53,,,,,97,1.65,169,,Clouds,overcast clouds,,,,,,,,0.0,,0,,,2025-05-28T11:00:00,0.0,0.5
2025-05-26T15:20:01.747640,weather_forecast,Verdun,45.4583,-73.5667,23.94,23.46,23.94,23.94,1023,41,,,,,99,2.2,166,,Clouds,overcast clouds,,,,,,,,0.0,,0,,,2025-05-28T14:00:00,0.0,0.5
2025-05-26T15:20:01.747640,weather_forecast,Verdun,45.4583,-73.5667,23.49,23.07,23.49,23.49,1021,45,,,,,100,2.84,183,,Clouds,overcast clouds,,,,,,,,0.0,,0,,,2025-05-28T17:00:00,0.0,0.5
2025-05-26T15:20:01.747640,weather_forecast,Verdun,45.4583,-73.5667,19.96,19.68,19.96,19.96,1021,64,,,,,100,2.4,173,,Clouds,overcast clouds,,,,,,,,0.0,,0,,,2025-05-28T20:00:00,0.0,0.5
2025-05-26T15:20:01.747640,weather_forecast,Verdun,45.4583,-73.5667,15.98,15.77,15.98,15.98,1020,82,,,,,23,1.92,214,,Clouds,few clouds,,,,,,,,0.0,,0,,,2025-05-28T23:00:00,0.0,0.5
2025-05-26T15:20:01.747640,weather_forecast,Verdun,45.4583,-73.5667,14.32,14.08,14.32,14.32,1019,87,,,,,16,2.72,227,,Clouds,few clouds,,,,,,,,0.0,,0,,,2025-05-29T02:00:00,0.0,0.5
2025-05-26T15:20:02.282369,current_weather,LaSalle,45.4333,-73.6333,22.0,21.27,20.99,23.38,1022,39,1022.0,1018.0,10000.0,0.0,40,4.12,200,0.0,Clouds,scattered clouds,03d,2025-05-26T05:13:30,2025-05-26T20:30:03,-14400.0,Montreal,CA,0.0,0.0,0.0,0,0.5,[],,,
2025-05-26T15:20:02.360752,weather_forecast,LaSalle,45.4333,-73.6333,21.6,20.94,20.81,21.6,1022,43,,,,,36,5.06,266,,Rain,light rain,,,,,,,,0.37,,0,,,2025-05-26T17:00:00,57.99999999999999,2.5
2025-05-26T15:20:02.360752,weather_forecast,LaSalle,45.4333,-73.6333,18.21,17.68,16.31,18.21,1023,61,,,,,45,1.1,187,,Rain,light rain,,,,,,,,0.5,,0,,,2025-05-26T20:00:00,84.0,2.5
2025-05-26T15:20:02.360752,weather_forecast,LaSalle,45.4333,-73.6333,13.5,13.2,13.5,13.5,1024,88,,,,,28,2.6,270,,Rain,light rain,,,,,,,,0.14,,0,,,2025-05-26T23:00:00,20.0,2.5
2025-05-26T15:20:02.360752,weather_forecast,LaSalle,45.4333,-73.6333,11.41,10.93,11.41,11.41,1024,89,,,,,38,2.78,249,,Clouds,scattered clouds,,,,,,,,0.0,,0,,,2025-05-27T02:00:00,0.0,0.5
2025-05-26T15:20:02.360752,weather_forecast,LaSalle,45.4333,-73.6333,9.94,8.6,9.94,9.94,1025,94,,,,,32,2.74,225,,Clouds,scattered clouds,,,,,,,,0.0,,0,,,2025-05-27T05:00:00,0.0,1.5
2025-05-26T15:20:02.360752,weather_forecast,LaSalle,45.4333,-73.6333,13.4,12.86,13.4,13.4,1027,79,,,,,21,2.52,248,,Clouds,few clouds,,,,,,,,0.0,,0,,,2025-05-27T08:00:00,0.0,0.5
2025-05-26T15:20:02.360752,weather_forecast,LaSalle,45.4333,-73.6333,18.75,18.27,18.75,18.75,1026,61,,,,,5,3.08,246,,Clear,clear sky,,,,,,,,0.0,,0,,,2025-05-27T11:00:00,0.0,0.0
2025-05-26T15:20:02.360752,weather_forecast,LaSalle,45.4333,-73.6333,22.11,21.66,22.11,22.11,1025,49,,,,,6,2.76,245,,Clear,clear sky,,,,,,,,0.0,,0,,,2025-05-27T14:00:00,0.0,0.0
2025-05-26T15:20:02.360752,weather_forecast,LaSalle,45.4333,-73.6333,22.75,22.15,22.75,22.75,1024,41,,,,,4,2.73,230,,Clear,clear sky,,,,,,,,0.0,,0,,,2025-05-27T17:00:00,0.0,0.0
2025-05-26T15:20:02.360752,weather_forecast,LaSalle,45.4333,-73.6333,18.87,18.43,18.87,18.87,1024,62,,,,,1,1.68,239,,Clear,clear sky,,,,,,,,0.0,,0,,,2025-05-27T20:00:00,0.0,0.0
2025-05-26T15:20:02.360752,weather_forecast,LaSalle,45.4333,-73.6333,15.84,15.26,15.84,15.84,1024,68,,,,,48,1.48,234,,Clouds,scattered clouds,,,,,,,,0.0,,0,,,2025-05-27T23:00:00,0.0,0.5
2025-05-26T15:20:02.360752,weather_forecast,LaSalle,45.4333,-73.6333,13.95,13.33,13.95,13.95,1025,74,,,,,42,1.85,216,,Clouds,scattered clouds,,,,,,,,0.0,,0,,,2025-05-28T02:00:00,0.0,0.5
2025-05-26T15:20:02.360752,weather_forecast,LaSalle,45.4333,-73.6333,12.4,11.76,12.4,12.4,1025,79,,,,,48,1.24,212,,Clouds,scattered clouds,,,,,,,,0.0,,0,,,2025-05-28T05:00:00,0.0,0.5
2025-05-26T15:20:02.360752,weather_forecast,LaSalle,45.4333,-73.6333,15.7,15.13,15.7,15.7,1025,69,,,,,58,1.51,174,,Clouds,broken clouds,,,,,,,,0.0,,0,,,2025-05-28T08:00:00,0.0,0.5
2025-05-26T15:20:02.360752,weather_forecast,LaSalle,45.4333,-73.6333,21.05,20.62,21.05,21.05,1025,54,,,,,98,1.68,166,,Clouds,overcast clouds,,,,,,,,0.0,,0,,,2025-05-28T11:00:00,0.0,0.5
2025-05-26T15:20:02.360752,weather_forecast,LaSalle,45.4333,-73.6333,23.51,23.04,23.51,23.51,1023,43,,,,,100,2.04,161,,Clouds,overcast clouds,,,,,,,,0.0,,0,,,2025-05-28T14:00:00,0.0,0.5
2025-05-26T15:20:02.360752,weather_forecast,LaSalle,45.4333,-73.6333,22.99,22.6,22.99,22.99,1022,48,,,,,100,2.85,181,,Clouds,overcast clouds,,,,,,,,0.0,,0,,,2025-05-28T17:00:00,0.0,0.5
2025-05-26T15:20:02.360752,weather_forecast,LaSalle,45.4333,-73.6333,19.63,19.35,19.63,19.63,1021,65,,,,,100,2.52,172,,Clouds,overcast clouds,,,,,,,,0.0,,0,,,2025-05-28T20:00:00,0.0,0.5
2025-05-26T15:20:02.360752,weather_forecast,LaSalle,45.4333,-73.6333,15.7,15.49,15.7,15.7,1020,83,,,,,21,2.06,225,,Clouds,few clouds,,,,,,,,0.0,,0,,,2025-05-28T23:00:00,0.0,0.5
2025-05-26T15:20:02.360752,weather_forecast,LaSalle,45.4333,-73.6333,14.03,13.79,14.03,14.03,1020,88,,,,,15,2.72,230,,Clouds,few clouds,,,,,,,,0.0,,0,,,2025-05-29T02:00:00,0.0,0.5
2025-05-26T15:20:02.902874,current_weather,Outremont,45.5167,-73.6,21.5,20.72,20.67,23.06,1022,39,1022.0,1018.0,10000.0,0.0,40,4.12,200,0.0,Clouds,scattered clouds,03d,2025-05-26T05:13:04,2025-05-26T20:30:13,-14400.0,Montreal,CA,0.0,0.0,0.0,0,0.5,[],,,
2025-05-26T15:20:03.067980,weather_forecast,Outremont,45.5167,-73.6,21.13,20.42,20.4,21.13,1022,43,,,,,35,4.92,266,,Rain,light rain,,,,,,,,0.3,,0,,,2025-05-26T17:00:00,49.0,2.5
2025-05-26T15:20:03.067980,weather_forecast,Outremont,45.5167,-73.6,17.91,17.38,16.11,17.91,1023,62,,,,,44,1.52,198,,Rain,light rain,,,,,,,,0.41,,0,,,2025-05-26T20:00:00,70.0,2.5
2025-05-26T15:20:03.067980,weather_forecast,Outremont,45.5167,-73.6,13.56,13.27,13.56,13.56,1024,88,,,,,22,2.67,257,,Rain,light rain,,,,,,,,0.13,,0,,,2025-05-26T23:00:00,20.0,2.5
2025-05-26T15:20:03.067980,weather_forecast,Outremont,45.5167,-73.6,11.39,10.91,11.39,11.39,1024,89,,,,,35,2.33,245,,Clouds,scattered clouds,,,,,,,,0.0,,0,,,2025-05-27T02:00:00,0.0,0.5
2025-05-26T15:20:03.067980,weather_forecast,Outremont,45.5167,-73.6,9.93,8.57,9.93,9.93,1025,95,,,,,35,2.76,222,,Clouds,scattered clouds,,,,,,,,0.0,,0,,,2025-05-27T05:00:00,0.0,1.5
2025-05-26T15:20:03.067980,weather_forecast,Outremont,45.5167,-73.6,13.27,12.66,13.27,13.27,1026,77,,,,,22,2.08,244,,Clouds,few clouds,,,,,,,,0.0,,0,,,2025-05-27T08:00:00,0.0,0.5
2025-05-26T15:20:03.067980,weather_forecast,Outremont,45.5167,-73.6,18.71,18.15,18.71,18.71,1026,58,,,,,6,2.69,239,,Clear,clear sky,,,,,,,,0.0,,0,,,2025-05-27T11:00:00,0.0,0.0
2025-05-26T15:20:03.067980,weather_forecast,Outremont,45.5167,-73.6,22.17,21.64,22.17,22.17,1025,46,,,,,6,2.71,233,,Clear,clear sky,,,,,,,,0.0,,0,,,2025-05-27T14:00:00,0.0,0.0
2025-05-26T15:20:03.067980,weather_forecast,Outremont,45.5167,-73.6,22.63,21.99,22.63,22.63,1024,40,,,,,4,2.87,227,,Clear,clear sky,,,,,,,,0.0,,0,,,2025-05-27T17:00:00,0.0,0.0
2025-05-26T15:20:03.067980,weather_forecast,Outremont,45.5167,-73.6,18.76,18.28,18.76,18.76,1024,61,,,,,4,1.82,234,,Clear,clear sky,,,,,,,,0.0,,0,,,2025-05-27T20:00:00,0.0,0.0
2025-05-26T15:20:03.067980,weather_forecast,Outremont,45.5167,-73.6,15.93,15.35,15.93,15.93,1024,68,,,,,46,1.44,244,,Clouds,scattered clouds,,,,,,,,0.0,,0,,,2025-05-27T23:00:00,0.0,0.5
2025-05-26T15:20:03.067980,weather_forecast,Outremont,45.5167,-73.6,13.94,13.32,13.94,13.94,1024,74,,,,,35,1.94,221,,Clouds,scattered clouds,,,,,,,,0.0,,0,,,2025-05-28T02:00:00,0.0,0.5
2025-05-26T15:20:03.067980,weather_forecast,Outremont,45.5167,-73.6,12.34,11.67,12.34,12.34,1025,78,,,,,24,1.37,216,,Clouds,few clouds,,,,,,,,0.0,,0,,,2025-05-28T05:00:00,0.0,0.5
2025-05-26T15:20:03.067980,weather_forecast,Outremont,45.5167,-73.6,15.51,14.87,15.51,15.51,1025,67,,,,,36,1.45,187,,Clouds,scattered clouds,,,,,,,,0.0,,0,,,2025-05-28T08:00:00,0.0,0.5
2025-05-26T15:20:03.067980,weather_forecast,Outremont,45.5167,-73.6,20.96,20.47,20.96,20.96,1025,52,,,,,98,1.49,175,,Clouds,overcast clouds,,,,,,,,0.0,,0,,,2025-05-28T11:00:00,0.0,0.5
2025-05-26T15:20:03.067980,weather_forecast,Outremont,45.5167,-73.6,23.64,23.08,23.64,23.64,1023,39,,,,,99,2.05,174,,Clouds,overcast clouds,,,,,,,,0.0,,0,,,2025-05-28T14:00:00,0.0,0.5
2025-05-26T15:20:03.067980,weather_forecast,Outremont,45.5167,-73.6,23.31,22.82,23.31,23.31,1021,43,,,,,100,2.75,182,,Clouds,overcast clouds,,,,,,,,0.0,,0,,,2025-05-28T17:00:00,0.0,0.5
2025-05-26T15:20:03.067980,weather_forecast,Outremont,45.5167,-73.6,19.77,19.42,19.77,19.77,1021,62,,,,,100,2.24,181,,Clouds,overcast clouds,,,,,,,,0.0,,0,,,2025-05-28T20:00:00,0.0,0.5
2025-05-26T15:20:03.067980,weather_forecast,Outremont,45.5167,-73.6,16.17,15.91,16.17,16.17,1020,79,,,,,35,1.82,213,,Clouds,scattered clouds,,,,,,,,0.0,,0,,,2025-05-28T23:00:00,0.0,0.5
2025-05-26T15:20:03.067980,weather_forecast,Outremont,45.5167,-73.6,14.14,13.88,14.14,14.14,1019,87,,,,,22,2.66,230,,Clouds,few clouds,,,,,,,,0.0,,0,,,2025-05-29T02:00:00,0.0,0.5
2025-05-26T15:20:03.633748,current_weather,Rosemont,45.55,-73.5667,22.03,21.31,20.93,23.77,1022,39,1022.0,1018.0,10000.0,0.0,0,4.12,200,0.0,Clear,clear sky,01d,2025-05-26T05:12:49,2025-05-26T20:30:12,-14400.0,Montreal,CA,0.0,0.0,0.0,0,0.0,[],,,
2025-05-26T15:20:03.696868,weather_forecast,Rosemont,45.55,-73.5667,21.49,20.84,20.42,21.49,1022,44,,,,,8,4.52,265,,Rain,light rain,,,,,,,,0.21,,0,,,2025-05-26T17:00:00,34.0,2.5
2025-05-26T15:20:03.696868,weather_forecast,Rosemont,45.55,-73.5667,18.16,17.68,16.23,18.16,1023,63,,,,,29,1.91,204,,Rain,light rain,,,,,,,,0.44,,0,,,2025-05-26T20:00:00,59.0,2.5
2025-05-26T15:20:03.696868,weather_forecast,Rosemont,45.55,-73.5667,13.47,13.17,13.47,13.47,1024,88,,,,,18,2.93,248,,Rain,light rain,,,,,,,,0.14,,0,,,2025-05-26T23:00:00,20.0,2.5
2025-05-26T15:20:03.696868,weather_forecast,Rosemont,45.55,-73.5667,11.58,11.12,11.58,11.58,1024,89,,,,,32,2.31,240,,Clouds,scattered clouds,,,,,,,,0.0,,0,,,2025-05-27T02:00:00,0.0,0.5
2025-05-26T15:20:03.696868,weather_forecast,Rosemont,45.55,-73.5667,10.07,9.64,10.07,10.07,1025,96,,,,,41,2.95,221,,Clouds,scattered clouds,,,,,,,,0.0,,0,,,2025-05-27T05:00:00,0.0,1.5
2025-05-26T15:20:03.696868,weather_forecast,Rosemont,45.55,-73.5667,13.46,12.9,13.46,13.46,1026,78,,,,,23,2.0,240,,Clouds,few clouds,,,,,,,,0.0,,0,,,2025-05-27T08:00:00,0.0,0.5
2025-05-26T15:20:03.696868,weather_forecast,Rosemont,45.55,-73.5667,18.93,18.39,18.93,18.93,1026,58,,,,,6,2.55,235,,Clear,clear sky,,,,,,,,0.0,,0,,,2025-05-27T11:00:00,0.0,0.0
2025-05-26T15:20:03.696868,weather_forecast,Rosemont,45.55,-73.5667,22.42,21.92,22.42,22.42,1025,46,,,,,6,2.71,228,,Clear,clear sky,,,,,,,,0.0,,0,,,2025-05-27T14:00:00,0.0,0.0
2025-05-26T15:20:03.696868,weather_forecast,Rosemont,45.55,-73.5667,22.87,22.28,22.87,22.87,1024,41,,,,,4,2.9,228,,Clear,clear sky,,,,,,,,0.0,,0,,,2025-05-27T17:00:00,0.0,0.0
2025-05-26T15:20:03.696868,weather_forecast,Rosemont,45.55,-73.5667,18.77,18.3,18.77,18.77,1024,61,,,,,7,2.05,234,,Clear,clear sky,,,,,,,,0.0,,0,,,2025-05-27T20:00:00,0.0,0.0
2025-05-26T15:20:03.696868,weather_forecast,Rosemont,45.55,-73.5667,15.93,15.38,15.93,15.93,1024,69,,,,,47,1.52,252,,Clouds,scattered clouds,,,,,,,,0.0,,0,,,2025-05-27T23:00:00,0.0,0.5
2025-05-26T15:20:03.696868,weather_forecast,Rosemont,45.55,-73.5667,13.97,13.38,13.97,13.97,1024,75,,,,,32,2.09,224,,Clouds,scattered clouds,,,,,,,,0.0,,0,,,2025-05-28T02:00:00,0.0,0.5
2025-05-26T15:20:03.696868,weather_forecast,Rosemont,45.55,-73.5667,12.37,11.73,12.37,12.37,1025,79,,,,,11,1.55,221,,Clouds,few clouds,,,,,,,,0.0,,0,,,2025-05-28T05:00:00,0.0,0.5
2025-05-26T15:20:03.696868,weather_forecast,Rosemont,45.55,-73.5667,15.7,15.08,15.7,15.7,1025,67,,,,,23,1.46,196,,Clouds,few clouds,,,,,,,,0.0,,0,,,2025-05-28T08:00:00,0.0,0.5
2025-05-26T15:20:03.696868,weather_forecast,Rosemont,45.55,-73.5667,21.14,20.67,21.14,21.14,1025,52,,,,,98,1.43,182,,Clouds,overcast clouds,,,,,,,,0.0,,0,,,2025-05-28T11:00:00,0.0,0.5
2025-05-26T15:20:03.696868,weather_forecast,Rosemont,45.55,-73.5667,23.96,23.43,23.96,23.96,1023,39,,,,,98,1.91,177,,Clouds,overcast clouds,,,,,,,,0.0,,0,,,2025-05-28T14:00:00,0.0,0.5
2025-05-26T15:20:03.696868,weather_forecast,Rosemont,45.55,-73.5667,23.71,23.21,23.71,23.71,1021,41,,,,,98,2.52,177,,Clouds,overcast clouds,,,,,,,,0.0,,0,,,2025-05-28T17:00:00,0.0,0.5
2025-05-26T15:20:03.696868,weather_forecast,Rosemont,45.55,-73.5667,19.85,19.51,19.85,19.85,1020,62,,,,,97,2.11,188,,Clouds,overcast clouds,,,,,,,,0.0,,0,,,2025-05-28T20:00:00,0.0,0.5
2025-05-26T15:20:03.696868,weather_forecast,Rosemont,45.55,-73.5667,16.66,16.39,16.66,16.66,1020,77,,,,,48,1.84,206,,Clouds,scattered clouds,,,,,,,,0.0,,0,,,2025-05-28T23:00:00,0.0,0.5
2025-05-26T15:20:03.696868,weather_forecast,Rosemont,45.55,-73.5667,14.28,14.04,14.28,14.28,1019,87,,,,,28,2.77,231,,Clouds,scattered clouds,,,,,,,,0.0,,0,,,2025-05-29T02:00:00,0.0,0.5
